<?xml version="1.0" encoding="UTF-8"?>
<configuration>
    <include resource="org/springframework/boot/logging/logback/defaults.xml"/>
    
    <appender name="CONSOLE" class="ch.qos.logback.core.ConsoleAppender">
        <encoder>
            <pattern>%d{yyyy-MM-dd HH:mm:ss.SSS} %5level --- [%X{requestId}] %logger{36} : %msg%n</pattern>
        </encoder>
    </appender>

    <logger name="com.smartdocs" level="INFO"/>
    
    <root level="WARN">
        <appender-ref ref="CONSOLE"/>
    </root>
</configuration>